"Y","T","U","proxy1","proxy2"
1,0,-0.560475646552213,-1.13292436781239,-0.656181540153129
0,0,-0.23017748948328,-0.970070528702923,0.156971084355453
1,1,1.55870831414912,0.920840796028144,-0.0490306476281305
1,0,0.070508391424576,-0.0634350714306421,1.1842215653931
1,1,0.129287735160946,-1.96190157870378,0.204901358185085
1,0,1.71506498688328,1.86149775670547,-0.0724090700492388
1,1,0.460916205989202,0.476330312381674,-1.5853911694087
0,0,-1.26506123460653,1.17392915775474,-0.993551010507604
1,1,-0.686852851893526,0.136046879304762,1.74572173431954
0,0,-0.445661970099958,-0.624964629229569,-0.668631847228388
1,0,1.22408179743946,2.97236199603015,-0.430267970978558
1,1,0.359813827057364,2.48166911536682,0.730816367484298
0,0,0.400771450594052,-0.734506582675712,0.541198246281672
0,1,0.11068271594512,0.441635194331411,0.750213236789989
1,0,-0.555841134754075,-0.502502215758165,-0.431923671173112
0,1,1.78691313680308,1.22178879932506,1.60701780756704
1,1,0.497850478229239,0.480744469792595,-0.969242416202952
1,0,-1.96661715662964,-2.18949066427302,-0.636610611997525
0,0,0.701355901563686,0.649285205132261,-0.461300300502051
0,0,-0.472791407727934,1.11572304587668,0.507564929189419
1,1,-1.06782370598685,-0.771966226899949,-0.196328565645296
0,1,-0.217974914658295,-0.26112631735374,0.993201566932246
0,0,-1.02600444830724,0.503254936085629,1.65588334057998
0,1,-0.72889122929114,0.281382254971674,-0.084490543178735
1,0,-0.625039267849257,-1.69381941541458,-0.697503562617103
1,0,-1.68669331074241,-0.829170407835698,-1.29159288167147
1,0,0.837787044494525,1.8255100144389,0.000417686393737071
1,0,0.153373117836515,1.22424495063722,-0.0203839848438172
0,0,-1.13813693701195,-0.346920879155785,1.5586168468057
0,1,1.25381492106993,1.32926559833227,-0.700957379190541
0,1,0.426464221476814,-0.701669636864859,-0.914923701930582
0,1,-0.295071482992271,0.063062363709736,-0.477696863664138
1,1,0.895125661045022,-0.226483751523245,0.829033703708056
0,0,0.878133487533042,0.16046563804227,1.0467308380118
0,1,0.821581081637487,1.24143159600617,-0.619640177442256
0,0,0.688640254100091,-0.49633033689286,0.327779182920275
0,0,0.553917653537589,0.545885192821,0.125258002979268
1,0,-0.0619117105767217,0.305518605231202,1.12158079275331
0,1,-0.305962663739917,-0.139648022372246,0.947234373156331
1,1,-0.380471001012383,1.2294684568609,-0.412038096570511
1,1,-0.694706978920513,-1.23470205021251,-0.164536836636525
1,0,-0.207917278019599,0.36015384233672,0.56028250516917
0,0,-1.26539635156826,-0.830382264901493,-1.95695035077459
1,1,2.16895596533851,1.09270778413597,0.354707152568654
1,1,1.20796199830499,1.0960501860649,0.910782379373081
1,0,-1.12310858320335,-1.49018562246915,-0.836064238466043
0,0,-0.402884835299076,-1.29249163439417,-0.178023771734153
0,0,-0.466655353623219,-0.67557791256067,-0.160036517662334
1,1,0.779965118336318,1.86938479080615,-0.456331633866814
1,0,-0.0833690664718293,-0.00540962019308149,-0.973684020690818
1,1,0.253318513994755,0.417138626979162,-0.114665636345101
1,1,-0.028546755348703,-0.169005363351253,-0.339607470762664
0,0,-0.0428704572913161,0.350671911188271,0.782814843655507
1,1,1.36860228401446,0.0598177359949579,1.86999530125373
1,1,-0.225770985659268,0.790865781859352,-0.0791045207497896
1,1,1.51647060442954,1.3776465708508,0.83525002347355
0,0,-1.54875280423022,-1.5744139406915,-0.531797769583821
1,1,0.584613749636069,0.394410846431235,0.749044854127006
0,0,0.123854243844614,0.647377841906067,0.245587659952847
1,1,0.215941568743973,0.575749726890066,0.290480194726561
1,1,0.379639482759882,1.41333090235743,1.17554521291081
1,0,-0.502323453109302,-0.791784275781462,-1.09263677864929
1,1,-0.33320738366942,0.692984862190663,1.28121202534044
0,0,-1.01857538310709,0.218093178088722,0.0274594007474432
1,1,-1.07179122647558,-0.77306124140763,-0.149044163445276
1,0,0.303528641404258,-0.598624169414953,-0.443378071646578
1,1,0.448209778629426,-0.602390285529957,-0.0218663252555427
1,1,0.0530042267305041,0.398032102394279,0.372373851939176
0,1,0.922267467879738,0.496459093751127,-1.69197769029149
1,1,2.05008468562714,2.65333294485745,0.0412100381787686
1,0,-0.491031166056535,0.133491668763043,0.411691020863072
1,0,-2.30916887564081,-1.68305722551528,-0.973668382796491
1,1,1.00573852446226,-0.216990684120338,-0.461933050112848
1,0,-0.709200762582393,-0.891441797233637,-0.81917416215075
1,0,-0.688008616467358,-0.13849445556255,0.0184876587756629
0,1,1.0255713696967,0.254595104172699,-1.25185928874298
0,0,-0.284773007051009,0.240520291953947,0.74566782389678
1,0,-1.22071771225454,-0.999901069088547,-2.43524712493331
1,0,0.18130347974915,0.0243341608139098,-0.425764258034546
1,1,-0.138891362439045,-0.667742555709689,-0.792591634093093
1,0,0.00576418589988693,1.5274933794669,-1.18935943101568
1,1,0.38528040112633,0.497265625852114,-0.912673946890916
0,0,-0.370660031792409,-0.037889106675885,0.127360581453268
0,1,0.644376548518833,-0.966864002795954,0.0790558208670849
0,0,-0.220486561818751,0.395541582548211,-0.353141088491893
0,0,0.331781963915697,-0.619829692754351,-2.11433295358122
1,1,1.09683901314935,-0.0551138515938295,-0.934269737999407
1,1,0.435181490833803,0.995781831317601,0.00529544524710518
1,0,-0.325931585531227,-0.55771946852532,-0.935371628340652
1,0,1.14880761845109,-0.709413252931889,-0.415426831559389
0,0,0.993503855962119,2.01202560148876,1.29924918640024
0,1,0.54839695950807,-1.57288736460917,0.332019696815174
0,1,0.238731735111441,0.601488264954533,-0.92414478423603
1,1,-0.627906076039371,0.437055753644065,-0.635479325070329
1,1,1.36065244853001,0.311617175789577,0.136415134887458
1,1,-0.600259587147127,-0.00472611115903276,-0.829038118059349
0,1,2.18733299301658,1.66370410652079,-0.263448633413335
1,1,1.53261062618519,1.75206489804272,0.410365243241963
0,1,-0.235700359100477,0.245859294901732,0.636344591102996
0,0,-1.02642090030678,-0.811759563458088,-0.0915232509692145
0,1,-0.710406563699301,0.306549708132588,-0.404050050585851
1,1,0.25688370915653,0.794628110701731,0.447022047335054
0,1,-0.246691878462374,-0.897270354386058,0.683342289516639
1,0,-0.347542599397733,-1.32915550683522,-0.238304552938698
0,0,-0.951618567265016,-0.442749108364467,0.149324877304615
1,1,-0.0450277248089203,-0.246186534705498,-1.10631522159315
0,1,-0.784904469457076,-1.25937397172408,-0.473622918942126
0,0,-1.66794193658814,-0.933620618340856,-0.901321582258147
1,0,-0.380226520287762,-1.28413313336218,0.0725840841853798
1,0,0.918996609060766,0.680379046497419,0.616560074404297
1,0,-0.575346962608392,-0.845150887598571,-0.290528124948015
0,1,0.607964322225033,1.130510012689,-0.548532487134899
0,0,-1.61788270828916,0.968861687955728,-1.37225564999234
1,1,-0.0555619655245394,-0.766120574264157,0.249023139198546
1,1,0.519407203943462,1.15777565912046,1.45016202449573
1,0,0.301153362166714,0.840811799514655,-0.660533492184071
1,0,0.105676194148943,0.00725033704507905,-0.335371679912804
1,0,-0.640706008305376,-0.747340704228837,0.123237347079234
1,0,-0.849704346033582,0.750423557849838,-0.783985493032518
0,1,-1.02412879060491,-2.21884352895195,-0.191266040267242
0,1,0.117646597100126,-0.443967875014855,-0.0101098226908467
1,0,-0.947474614184802,-1.7179595234371,-1.02473920665926
0,0,-0.490557443700668,0.821916284936461,0.645977170025786
1,0,-0.256092192198247,-0.306218061434834,0.730498564733908
1,1,1.84386200523221,0.686580243563587,1.53012542468978
0,0,-0.651949901695459,2.15606563823579,1.01400668031359
1,0,0.235386572284857,0.101202129060812,-0.412422387913461
1,0,0.0779608495637108,-0.308222939754992,-0.419699234558648
1,0,-0.961856634130129,-0.337221780369161,-0.0393708994542166
0,0,-0.0713080861235987,-1.29752454827813,0.579666517762587
1,1,1.44455085842335,1.25897262919166,0.109382553277513
1,1,0.451504053079215,0.193971870983555,-0.2683939925258
1,0,0.0412329219929399,0.399559851219881,-0.577423570656438
0,0,-0.422496832339625,-1.03939460815406,1.28718143827667
0,0,-2.05324722154052,-2.05033540664266,-3.00861237334945
1,1,1.13133721341418,0.124070597427557,0.179541908301436
1,0,-1.46064007092482,-1.49077570102912,-0.401739259857154
1,1,0.739947510877334,1.48320847987327,-0.788818885230212
1,1,1.90910356921748,2.40877859097696,0.940403941075856
1,0,-1.4438931609718,-0.991849459014333,-2.30965000250246
0,0,0.701784335374711,0.133921352757082,1.12151753335957
1,0,-0.262197489402468,-0.420549557978816,-1.66540411482062
0,0,-1.57214415914549,-0.887897313204879,-2.57291840019665
0,0,-1.51466765378175,-0.831277205308207,-1.18279376234144
0,0,-1.60153617357459,-0.7288941939323,-0.325846010538314
1,0,-0.530906522170303,-0.915887066139186,-0.780827417475721
1,1,-1.4617555849959,-1.5545704620538,-0.972052465136785
1,1,0.687916772975828,1.37041219478236,0.52423231970752
1,1,2.10010894052567,0.821163475432745,-0.38009441726666
1,1,-1.28703047603518,-0.529781729440747,-0.468004389935306
0,0,0.787738847475178,0.427066881442441,0.711319455876769
1,0,0.76904224100091,-0.304854169119989,1.78943946054443
1,0,0.332202578950118,0.672171074899276,0.557028718393161
0,0,-1.00837660827701,-0.466542066171841,1.33326665688379
1,0,-0.119452606630659,1.04815512099161,0.396451338510216
0,0,-0.280395335170247,-0.0742695334005576,-0.0872104384865492
1,1,0.56298953322048,0.0725571133716054,-1.9837001987739
0,0,-0.372438756103829,-0.000827323018006115,-1.2799814278683
0,0,0.976973386685621,-0.362289287216899,-0.0111789345650085
1,0,-0.374580857767014,-0.893463757375086,0.567088452519937
0,1,1.05271146557933,1.03984548025914,0.00815509923009017
0,0,-1.04917700666607,-0.896002924978798,0.203854629611443
1,0,-1.26015524475811,-0.808861903936838,-1.39285792485876
0,1,3.2410399349424,1.85244659342788,0.710808896828678
1,1,-0.416857588160432,-0.770524647915882,0.0819532848757828
1,0,0.298227591540715,-1.4360143723415,-0.253363847525344
1,1,0.636569674033849,0.661009780561583,0.298605479216901
1,1,-0.483780625708744,0.319043230692241,-0.78498702403786
0,1,0.516862044313609,-0.720855761691935,0.512161196624502
1,0,0.368964527385086,1.40730089119794,0.0333679187824006
0,0,-0.215380507641693,0.178895554364772,-0.109496368465982
1,0,0.0652930335253153,1.11248805611029,-1.8394364869185
0,0,-0.034067253738464,-0.786176729236909,-0.652859044566268
1,1,2.12845189901618,1.41049617009311,-0.782494319038457
0,1,-0.741336096272828,-0.524812824914744,-1.75415823046893
0,0,-1.09599626707466,-0.0427918147393772,-0.799933330936029
0,0,0.0377883991710788,-0.438014614827507,-0.142055346765065
0,1,0.310480749443137,0.178210312103913,0.363681597754849
0,0,0.436523478910183,-1.16101323164905,1.17195526483668
0,0,-0.458365332711106,-0.897116353923064,0.286421264542452
0,1,-1.06332613397119,-0.537968573450627,0.646455732449559
1,1,1.26318517608949,0.192853911743115,-0.123112462656762
0,1,-0.349650387953555,-0.244645821421317,-0.398555925361832
1,0,-0.865512862653374,-0.8936484967322,0.775531280216085
0,1,-0.236279568941097,0.343776367564534,-0.0697322906004509
1,0,-0.197175894348552,0.816485110390519,-1.66200407056861
1,0,1.10992028971364,0.00795104358216614,-0.474586408923757
1,0,0.0847372921971965,-0.194786871557465,0.986602752570053
0,1,0.754053785184521,1.60424127780651,-0.356390076309055
0,0,-0.499292017172261,-2.05871381365032,0.168297824586896
1,1,0.214445309581601,-0.127203047643627,0.0779011798340712
0,0,-0.324685911490835,1.45695188042017,-0.570900753019613
1,1,0.0945835281735714,1.81162217215555,-0.306253832588003
0,0,-0.895363357977542,-0.411941756106405,0.105068579209097
1,0,-1.31080153332797,-1.47736808048769,-0.193314999331024
1,1,1.99721338474797,1.33069396644113,1.77696426269315
0,1,0.600708823672418,-0.161794222554165,-0.0104032784894444
0,1,-1.25127136162494,0.411491008858221,-1.25606575084012
0,0,-0.611165916680421,-1.01188567457069,-0.0250883027708377
0,1,-1.18548008459731,-0.412958774591388,0.317202255074338
1,0,2.19881034888372,1.81516626898519,2.83650084007118
1,1,1.31241297643351,0.181439657303427,-0.0486015103007256
0,1,-0.265145056696353,0.522132711187135,-0.390864982774645
0,1,0.54319405923209,-0.272427541193791,1.00480308615252
0,0,-0.41433994791886,0.255587894971868,1.09796707992862
0,1,-0.476246894615578,0.591581169713495,-0.771216512662255
1,0,-0.788602837850243,-1.26391604061671,0.397378957719897
0,1,-0.594617267459511,0.529625672307972,-0.717511087858188
1,1,1.65090746733669,0.598918183432084,-0.422587330534612
1,1,-0.0540281250854405,0.20306583569831,0.578439963427646
0,1,0.119245236427584,0.233017119687566,0.137365970694449
1,1,0.243687429599092,-0.195544651311106,0.444504215861676
1,1,1.23247587848534,0.953967823089431,-0.184022278537081
1,0,-0.51606383094478,-1.29398303890594,1.55748068855436
0,1,-0.992507150392037,-0.704413787983194,0.336892166945629
1,1,1.67569693240319,1.66605082477405,0.145551928785889
1,1,-0.441163216905286,-2.00399764952662,0.538030788973143
0,1,-0.723065969939874,-1.62418053185053,-1.37549267246289
1,0,-1.23627311888329,-1.67131391740755,-0.502287181762016
0,0,-1.2847157223178,-2.04210118870702,0.953303396474122
0,0,-0.573973479297987,-0.008717656141705,-0.35233326589737
1,1,0.617985817166529,-0.423551189504891,1.05394820350921
1,1,1.10984813892972,-1.06572878490535,0.121254346040899
1,0,0.707588353835588,-0.0855019997630069,-1.9799009629925
1,1,-0.363657297095253,-0.530702579436996,-0.948766441923075
1,0,0.0597499373846007,0.721278341453249,0.230401286540453
1,1,-0.70459646368007,-1.30575958700711,1.16854439877188
0,0,-0.71721816157401,0.49870050764655,-0.781234997714617
1,0,0.88465049897692,0.849480471889036,0.528662347419185
0,1,-1.01559257860354,-0.319473821053691,-1.22505671609887
1,1,1.95529396549246,0.491155843043876,-0.383049265485495
1,1,-0.0903195939658516,1.50874254753892,-0.7686086962589
1,0,0.214538826629216,-0.0026933697001944,1.37036362319119
0,1,-0.738527704739573,-1.90303469018641,0.675440344832029
0,1,-0.57438868976327,-0.507718390971959,0.394003859151731
0,0,-1.31701613230524,-2.33776493596879,0.668978617744127
0,0,-0.182925388372727,-0.358163325652975,-0.459753258957169
1,0,0.418982404924464,-0.0863921595970167,0.850284938071893
1,1,0.32430434416138,0.740046358819556,0.297264889174811
1,0,-0.781536487054751,0.338675056357142,-1.23523944453814
0,0,-0.788621970854002,-1.05405715443332,-1.02936942390744
1,0,-0.502198718342861,0.343567863694304,-0.102912161599332
0,1,1.49606066984635,2.03709488964282,0.644976777605236
1,0,-1.13730362066574,-1.30969737627356,-0.647747479465789
0,0,-0.179051594380198,-0.629354449827585,-1.00430753963077
1,1,1.90236182167893,1.6620397835303,-1.42387524145568
1,1,-0.100974885328808,0.0858534447578633,0.375356328073552
1,0,-1.35984070382139,-0.37688445393741,-0.689623469561677
0,0,-0.664769435274062,0.724885774473613,0.324435263769156
0,0,0.485459978904878,0.600942483004043,-1.32904880813739
0,1,-0.375602871669773,0.615999293138434,-1.30828714274004
1,1,-0.561876363549783,0.161198551739886,-0.274766748681763
1,1,-0.343917234128459,0.140545971370008,-1.4509133861701
1,1,0.0904966471392212,0.363165538831062,-1.86446841866141
1,1,1.59850877114583,1.99216390625396,1.22705500892649
1,1,-0.088565112138884,-0.854946966251854,0.832805044900016
1,1,1.08079949615152,-0.235666485635085,-0.658282845296809
1,0,0.630754115650567,0.852009272108107,-0.0702998588209214
1,1,-0.113639895506141,-0.163935668610176,-1.11583317623936
0,0,-1.5329020028906,-0.860537032386391,-0.158018560593011
0,0,-0.52111731755252,0.280351511205607,-0.184646490023008
1,1,-0.489870453138474,0.308713766396176,-0.976373544193337
0,1,0.0471544327615272,-0.181843743032506,-0.724410135718858
1,0,1.30019867766682,0.53008411140241,-0.623101282198805
1,1,2.29307897383109,1.43472627150495,1.10419820734419
1,1,1.54758105898377,1.77896286682606,1.00898204198092
1,0,-0.133150964328944,0.260925810745837,0.319188870833936
1,0,-1.75652739555764,0.0924895713239731,-1.33102374350286
1,0,-0.388779864071743,-0.239377414779024,-1.82053118797548
1,1,0.0892072230732945,0.954058418020579,0.533185273083257
1,1,0.845013004067436,1.21340965125426,0.0846004303391695
1,1,0.962527968484271,1.06718354981062,0.251180483671535
0,0,0.684309429416465,0.74234622307265,1.18988017447514
0,0,-1.39527434979947,-1.06107052759369,-1.2709420864623
1,0,0.849643045633355,0.422555820044628,1.34621397988271
0,1,-0.446557216427222,-0.0844179332895598,-0.528126729903862
0,1,0.174802700161256,0.143992732640182,-0.627897011097845
0,0,0.0745511771737346,0.799310281013217,-0.173903958975826
1,1,0.428166764970505,0.169446360433158,0.50050513816035
1,1,0.0246749828261399,-0.0414965475745781,-0.1902686323085
0,0,-1.66747509758566,-1.38794032860393,-1.35927166811532
0,0,0.736495964773442,0.331228516029403,-0.047703650177266
1,0,0.386026568349676,0.17660342716673,-2.30903975417156
0,0,-0.265651625278222,-2.01037959428647,-0.564784715300055
0,0,0.118144511046681,-1.02097865114345,0.470407402746289
0,0,0.134038645368463,0.0224336592595108,-0.121251940538612
1,1,0.221019468561002,-0.0796153387549978,0.72292863825532
0,1,1.64084616597749,0.0238122370205426,0.955851544761506
0,1,-0.219050378933476,-1.7246607681945,0.550192627935856
1,0,0.168065383884658,-0.182656145599947,0.67624660611663
0,0,1.16838387306909,1.22382693639688,-1.3079851811835
1,0,1.05418102337692,2.0510995195682,0.320222388848019
0,1,1.14526311038036,0.656392431260744,1.89856406454479
0,1,-0.577468001059557,0.848067071866439,-0.63159409409726
0,1,2.00248273029283,1.26790736428447,1.03269081941016
1,0,0.066700870930183,0.132446205965757,0.156799162498252
1,1,1.86685184470686,1.37997135750311,1.0914113506874
0,0,-1.35090268603071,-1.50700340782716,-0.664770998544212
1,0,0.0209835863542375,-0.0287844185033642,-0.612143037291372
0,1,1.24991457096922,1.47670690161533,0.443620641698217
0,0,-0.715242187222796,-1.02892594181543,-0.0163299425230271
1,0,-0.752688968217742,-0.708898236841014,-0.402602426883122
0,0,-0.938538703606894,-1.48133982253154,-0.251569128194722
1,1,-1.05251327933874,-0.348026210443758,0.076650751324676
0,0,-0.437159533180399,0.0775441060029785,-0.87158010057458
1,0,0.331179172958982,0.717385384754655,1.18653694606795
0,0,-2.01421049792072,-2.18437432396595,1.49512834580992
1,1,0.211980433372292,0.212976287827186,1.47275820163386
0,1,1.23667504641657,-0.0132411254699344,-0.0624844876886114
1,1,2.03757401824044,1.22223669197144,-1.1276514202218
1,1,1.30117599220059,1.85480473132522,0.442054353583733
1,0,0.756774763795962,0.0512446287301564,1.06675956223056
1,0,-1.72673039911433,-0.462691582717538,0.224247362311627
0,1,-0.601506708006782,-0.960638892071025,-1.35355566861562
0,0,-0.352046456582617,-0.594050442309814,-1.16748993837182
1,1,0.703523902756894,0.77309174212343,0.338641421016042
0,0,-0.105671334003774,-0.606692616768559,0.56554213842971
0,0,-1.25864862806017,-2.11756104495245,0.45512914589179
1,1,1.68443570809411,2.02279617302713,1.28411902486046
1,1,0.911391291795963,0.835120565381455,-0.649972380258899
1,0,0.237430272491026,-0.324453388953456,-1.18091633733995
1,0,1.21810861032581,-0.864397863668994,-1.55438892672455
1,0,-1.33877428723497,0.71850324477846,0.0800428082692865
1,1,0.6608202977898,3.10878883569111,0.988214175071163
0,0,-0.522912376313422,-0.147763099903688,0.163507424999067
1,1,0.683745521850712,1.09009263111938,-0.805216671673983
0,1,-0.0608219546600742,0.943155076863284,1.47725987809663
1,1,0.632960713031451,-0.181667119012016,-0.163209161342956
1,1,1.33551761505939,0.520353585390403,2.09774971837313
1,0,0.00729009031689879,-1.37732277512602,0.528191015481336
1,1,1.01755863695209,0.0212725963537577,1.4407515772966
0,0,-1.18843403514798,-0.215132594779896,-0.0411557868064438
0,0,-0.721604440436015,-0.665535455654305,-0.278155626974228
1,1,1.51921771138818,0.740161399486445,-0.510143982323762
0,1,0.377387973023929,0.136385142612345,-0.419572188663999
1,0,-2.05222282043373,-2.72226727825672,-0.660604857848132
0,0,-1.36403745208238,-0.148318523864089,-0.140129724470631
0,1,-0.200781015589121,-1.27526292050181,-0.0919234135595624
0,0,0.865779404334488,0.352611512668174,0.0899593641499871
0,1,-0.101883255715222,-0.411980723076198,0.144469050788718
1,0,0.624187472020653,0.199637429727433,-0.312962805954651
1,1,0.959005377787825,1.74337598246132,-0.223550135773594
1,1,1.67105482886294,0.536984962985468,-0.887337331937759
0,1,0.0560167332749619,-0.59286803660454,0.824096550511895
0,1,-0.051981906180899,-1.24691233966362,0.0291760537977103
0,0,-1.75323735914227,-1.69650088077436,-0.605743642197469
0,0,0.0993275940878275,-0.873351209441494,-0.676993033466985
0,1,-0.571850057895563,-0.0167530777387012,-0.407916219231722
0,0,-0.974009582804091,-1.27480914648876,-1.32892764432255
0,1,-0.17990623104754,0.135289889393985,-1.05493774766656
0,1,1.01494317274366,0.491823913367858,-1.52608036883632
0,0,-1.99274848868858,-2.34249883714179,0.33865639660567
0,0,-0.427279287205429,-0.888853800901416,-0.00802171023272498
1,0,0.116637283582706,0.778072334195766,-1.03034557878289
0,0,-0.893207570054953,0.186536326730682,0.84221939238062
1,0,0.333902942499225,1.80480038494004,0.69599337439457
0,1,0.411429920615731,0.243993705649614,0.831616530348109
1,0,-0.0330361592759917,-1.21648314675131,-0.22528224211568
0,0,-2.46589819376003,-2.09427253786814,-1.14316364239191
1,1,2.57145814586664,1.8696656913921,0.677900936723303
1,0,-0.205299257468199,1.39692951343486,0.324460504191718
0,0,0.65119328158767,0.47872326770438,0.958427885537278
1,1,0.273766491036548,1.0765693547247,1.59838687889775
1,1,1.02467323481835,1.22926898464482,-0.178220244342205
1,0,0.817659446374088,-0.443877629869414,-0.723489190926599
0,0,-0.209793171228509,-0.262766024548992,0.0332750835598389
1,1,0.378167772208507,1.27110989240325,2.99635398477727
1,0,-0.945408831123893,0.133631589002395,-0.692496106310966
0,1,0.856923010899318,0.885190719793829,1.34998712924178
1,0,-0.461038338884354,0.105068392970891,-0.370212413582799
1,1,2.41677335378821,1.0569397721054,0.26853085206051
0,0,-1.65104889568819,-2.04613758808827,-1.17300941093806
0,0,-0.463987242966015,0.757948286885437,-0.340710704358355
1,1,0.825379862759242,-0.640947675677998,1.81377652587343
1,0,0.510132546878663,-0.445037207637466,0.44098318362821
0,0,-0.589481038515,0.149483370906872,0.288038043072709
1,0,-0.996780742207522,-1.60782408483619,0.501068729370383
1,1,0.144475704710697,-0.354810907791815,2.01965815575802
1,1,-0.0143074131669134,-0.95482405332613,0.735600994867209
0,0,-1.79028123726406,-0.577637896175276,-1.89846183554724
0,0,0.034551067133851,0.377781053590787,-0.975541657869781
1,0,0.190230315692457,0.451645944034425,-1.45917444704013
0,1,0.174726396981842,0.458807655905614,-2.66492251177675
0,0,-1.05501704260268,-0.187213628458458,0.914776579539431
0,0,0.476133278302629,0.797165160557991,-0.328142574862652
1,1,1.37857013695924,-0.747787163163833,0.790349053961759
1,0,0.456236403179813,0.154688752819993,1.26406251216205
1,1,-1.13558847037434,-0.591382032183085,-0.828933813039481
0,0,-0.435645469691905,0.318353680303065,-0.259444571889533
0,1,0.346103619553607,-0.742326689072064,0.437954186052991
1,1,-0.647045631318269,-0.787907530643692,0.0213613550819052
0,0,-2.15764633501528,-2.15350219361009,-1.38594357134162
1,1,0.884250820028209,1.37634266218467,0.962428905401188
0,0,-0.829477611624518,0.525571499592756,0.271659836588976
1,0,-0.573560270768283,0.286005217826416,-0.447231172231112
0,0,1.50390060900454,-0.0755823406588717,-0.714906887230795
0,0,-0.774144929605405,-0.10292526437392,0.371918265505598
1,1,0.845731540189296,1.42779827321831,1.61548642262734
0,0,-1.26068287881878,-0.622056942702098,0.938724891540333
0,0,-0.354542403073978,-0.665612908161163,0.726077600855373
1,1,-0.0735560191364783,-0.913028203970967,-0.482948287307613
0,1,-1.16865142442436,-1.23343309110274,-0.857468083381475
0,0,-0.634748264908909,0.191029725814126,-0.751040006855139
1,0,-0.0288415529283144,-0.362633812062531,-0.401387202245491
1,0,0.67069596873393,0.584509533192428,0.877728755815013
0,0,-1.65054654342511,0.0456287104811783,-0.250577048713831
0,0,-0.349754239211268,0.252815408848803,-1.87578140700488
0,1,0.756406438545484,1.54558208830612,-1.5479655461878
1,0,-0.538809159977592,-1.68454933811488,-0.183425085135305
1,0,0.227291921672942,-0.0881658707672688,0.211220025344614
0,1,0.492228570064431,0.347391557632413,-2.05352166011191
1,0,0.267835015331683,0.623572442485822,-0.698490509990777
1,1,0.653257679471382,-0.543410689540347,0.22226896688108
1,1,-0.12270866097738,0.571322687771403,1.35764229027277
1,1,-0.41367651359212,-0.00229384722540549,-2.04425734133054
0,0,-2.64314895202898,-1.37484456033361,-1.9905621975703
1,0,-0.092941018479472,0.351023222196353,-1.05842935666445
1,1,0.430284696359987,0.165084065914397,0.296402604105945
0,1,0.53539884086815,1.06167618332018,0.476220154933761
0,1,-0.555278351313252,0.185416808197241,-0.472501534603686
1,1,1.77950290977515,0.94753424653093,-1.0042126680721
1,0,0.286424419628825,1.00415626724985,-0.515581343106426
0,1,0.126315858458886,0.309836463032277,-0.496774796978238
1,1,1.27226677946852,1.29836118723268,0.188429805161765
0,1,-0.718466221319259,-0.906421846090933,1.33259392728437
1,1,-0.450338623924712,0.994142295233909,-0.780699526525958
0,0,2.39745248004976,1.43528033254987,0.79198734974947
1,0,0.011129187220888,0.684951727447313,-0.669568374526147
1,0,1.63356842140831,0.900047832130831,-0.69303143746952
0,0,-1.43850664491452,-1.08680791253319,0.175103636361201
1,1,-0.190516802042901,0.513240514998264,-1.05939092426655
0,1,0.378423903636832,-1.04063897349084,2.72275044114754
1,0,0.300038545205798,0.562716045358703,0.178310978553439
0,0,-1.00563625951084,-0.28852865731065,-0.244212629606243
1,0,0.0192592746253708,-2.14470793052439,-0.0577023030622111
1,0,-1.07742065311198,-0.351750529040584,1.43549955822813
1,0,0.712703325244282,-1.30711220273104,0.847157095070761
1,0,1.08477508986065,1.17870855543056,0.0860027126981315
1,1,-2.22498769648741,-1.6981236045974,-1.77997048176515
0,1,1.23569346230014,0.185466617192171,-0.620175091858368
0,0,-1.24104449680849,-0.750103740623227,-1.12114542009686
1,0,0.454769268982633,1.37130319737677,1.29541771670501
0,1,0.659902638142608,-0.11231687888875,0.0176938579693716
1,0,-0.199889828101433,0.326548738298162,-0.782288397863634
0,1,-0.645113956859792,-0.114142079378373,0.562042398745894
1,0,0.16532102124205,-0.844422290568016,1.33281625948066
1,1,0.438818700714454,-1.1295263934385,-0.53089519905958
0,1,0.883302819948705,-1.06408692502209,-0.159447749763581
0,0,-2.05233698390195,-0.79038282116686,-0.286320973825398
0,0,-1.63637926805902,-1.00962121006045,-0.495535078338143
1,1,1.43040234118818,2.33869876760141,0.816769609647265
1,1,1.04662884711155,1.08691739487736,1.94922982687797
0,1,0.435288948907682,0.940930082210696,0.0729815834578307
0,1,0.71517840711106,1.4966139125346,-0.0532193747942231
1,1,0.917174917641003,0.149729672212623,0.738208358474196
0,0,-2.66092279846568,-1.18847533649662,-0.845348520834138
1,0,1.11027709663882,1.36120087417862,0.931932830467691
0,1,-0.484987596562325,0.804488792465027,-0.359151140294971
0,1,0.230616830631202,0.748491015439816,0.492278753175429
1,1,-0.295157800883577,0.15982305789972,-1.58026090206556
0,1,0.871964954078744,-0.171400265369732,0.274852730922335
1,1,-0.348472448955611,0.374564819392788,-0.596980401354741
0,0,0.518503765888248,0.711314957467579,-0.98015410397559
1,1,-0.390684978638979,0.272989215782141,-0.511248403845678
0,0,-1.09278720910151,-0.316756289003098,0.0270243984374173
1,1,1.21001051044026,0.564535870496155,0.451092726486234
1,1,0.740900011274274,0.383047288017353,0.883811349997304
1,1,1.72426223915645,1.58444863411909,1.41483934437464
1,0,0.0651539325793032,0.176397565087214,0.809850494695049
0,0,1.12500274582817,0.0109147880353134,0.0279578778731164
0,1,1.97541905401908,0.953124136566913,-0.674354546725791
1,0,-0.281482115038967,-1.22418984836459,-0.351867151839132
0,0,-1.32295111275522,-1.56739618978826,0.718894839211552
1,1,-0.239351567138116,-0.259299796391284,-0.187686536672875
1,0,-0.214041239985383,-1.56693078909117,-1.62608906208023
0,1,0.15168050450932,-1.25982567696767,0.514253870566875
1,1,1.71230497731928,1.90943514594044,0.782529981382493
1,0,-0.326143892505348,-0.656981474872361,-0.479994412488586
0,1,0.373004655804915,-1.25755059015824,0.277277730332371
1,1,-0.227684064895531,-0.226901030480499,1.23800736044763
0,0,0.0204507085250325,1.06912583889223,1.24548929671992
1,0,0.314057663506262,0.71823803565147,-0.341062195185909
1,1,1.32821469603699,1.1500353763051,0.408638038615192
1,1,0.121318377490778,1.01978775631834,-1.35071712446039
1,1,0.712842320031113,-0.189495760862047,-0.480379730593815
0,1,0.778860029783535,1.05106737095175,2.14939724994624
1,1,0.914773270855634,0.0791954698902925,1.70344214436786
0,1,-0.574394552184383,-0.344025382220619,-0.391013435212969
1,1,1.62688121419468,2.74770098398891,-0.172505283460794
0,0,-0.380956739294013,0.546973472991001,-1.41796255852682
0,0,-0.105784167649752,0.550935670383921,1.99638895725543
0,0,1.40405026771417,-0.0442321688260251,0.530564868485309
1,1,1.29408390614558,0.147461607691578,-0.178365976440459
0,0,-1.08999187241124,1.17329806076254,0.701413133715541
0,0,-0.873071000417463,-1.39848321142913,-1.31085933141206
0,0,-1.35807905937061,-0.64326393539431,0.285674352631659
1,0,0.181847192619832,0.823165163281557,1.42905682324883
1,0,0.164840867918466,0.913910898624886,-0.151037293855623
1,0,0.364114687355063,1.08975842114843,1.49366819084625
1,1,0.552157714218558,0.200791436622963,0.777648374412005
1,1,-0.601892845985016,-1.01792506528701,-0.828109051665591
1,0,-0.993698591098714,-0.84202494105014,0.249749855745264
0,0,1.0267850560749,-0.105607373186628,-0.364028507772227
1,0,0.751061302606323,0.952291776055781,-0.284069934341408
0,1,-1.5091665373287,-0.00921589965633518,0.285965872027814
0,0,-0.0951474508492868,1.64468237148525,-0.482258129301097
1,0,-0.895947822756499,-0.244677187308524,-0.292086581134981
1,0,-2.07075107054196,-1.94227574408013,0.350846448444323
1,0,0.150120131188143,0.909651969107468,-1.10501436046477
0,1,-0.0792117092585882,0.676280089401095,1.49804984518405
1,1,-0.097369267513081,-0.24902051723011,1.91869058058077
1,1,0.216152541801233,-1.11659239801711,0.65102351549237
1,1,0.882465164396587,1.13852701495308,0.667236236627972
1,0,0.205597504483387,1.02667401920333,-0.411876837900331
1,0,-0.616435842873528,-0.605947770288864,0.283416585215745
0,1,-0.734799251921281,-0.0118852964663482,-0.699300245573506
0,1,-0.131802793041181,-0.299794055625117,0.235355648383059
1,1,0.310016986578952,0.731862388057382,-0.561994369999962
1,0,-1.03968035270204,-0.717640783393104,0.440185172229418
0,1,-0.184308868842384,-0.38632601244148,0.604231179380742
0,0,0.967267260167914,0.669656754658517,1.47592565915291
0,1,-0.108280091234486,-0.291692306726528,1.85842352274525
1,1,-0.69842066759439,-0.891866132120062,-0.82619240775741
0,1,-0.27594516842554,-0.418316646049242,0.8389022913173
1,0,1.11464854536198,0.66226740535676,-1.02713180508181
0,0,0.550043961214136,0.496022489303261,-0.271398503021678
1,1,1.23667580008161,1.96794437734963,1.27292047410621
0,0,0.139097857161771,-1.00293955046572,-0.662648999289465
1,1,0.410275096490425,0.0864698174519011,0.45280274216585
0,0,-0.558456912348133,0.170144354815781,-1.02650656591902
1,1,0.605370668930333,1.77283912411249,-0.171680854248624
1,0,-0.506333542189239,0.0370113647788523,-0.19081785009481
1,1,-1.42056550469574,-0.863342035997767,-1.01028452644671
1,1,0.127992965684126,-0.169249748266612,-1.81782669892968
1,1,1.94585121773144,1.49895726192549,0.815654483776357
1,1,0.800914339573062,1.27179493990095,0.693300119634944
0,0,1.16525338994626,0.552065385530914,0.479993408585822
0,0,0.358855723093152,0.346322559333137,-0.358578898209509
1,0,-0.608557178316224,-0.191585231674227,0.676172404424769
0,1,-0.202240855110284,0.462077594301555,0.967231250524185
0,0,-0.273248106811925,0.725155461532596,-2.34631211289051
1,1,-0.468699779782087,-0.0578912143175474,0.932166088511489
0,1,0.704167283929716,0.361563833120086,-1.48633017162403
1,1,-1.19736350236541,0.397312404347614,-0.687889148299195
1,1,0.866366132112773,0.651446973352132,-0.79817387473884
0,1,0.864152486225893,1.78077307477032,-0.341836861502087
1,1,-1.19862235906875,-0.768711541536889,0.896640342975116
0,1,0.639491997900534,0.874833570095269,0.701740874136535
1,1,2.43022665234451,0.221265116010514,1.20021674119732
0,0,-0.557215481941608,-0.424242858234891,-2.14944308509001
0,1,0.844904241408072,0.489506912876134,0.440753713095217
1,0,-0.782201845619403,-1.07599744130488,0.365179424769102
1,0,1.1107114182028,-0.162287456616159,1.15450465589195
1,0,0.249824719926562,0.908422273997387,-0.853471384315529
1,1,1.65191539162316,1.72247622211607,1.38993368783508
0,0,-1.45897072853692,-1.91436803299932,-1.76863270452037
1,1,-0.0512978861253612,0.308724304272257,1.64326576105857
1,1,-0.526925176125598,-1.20619136163943,-0.919926109896787
0,0,-0.197264869076299,-0.959217502391026,0.67060729185635
0,0,-0.629578742686005,0.0425827130014814,0.114394471894083
1,1,-0.833843580535001,-1.04912534839544,-1.26476330255879
0,1,0.57872237461645,1.14201741046764,1.26516990096944
0,1,-1.08758071407693,-0.62172954918588,-0.294434735621285
1,1,1.48403093155628,1.31933773956235,1.22592053863866
1,1,-1.18620658531375,-1.13062530949718,-0.147719991489393
0,0,0.10107915139528,-0.860329577117706,0.858817320815309
1,1,0.532989286826481,1.05159536489809,0.180578684839759
0,1,0.586735339092625,0.542498396705746,1.23988092921324
1,1,-0.30174666386638,-0.372302205883593,-0.426483132187563
1,1,0.079501995328401,0.10308945843363,0.526851595825266
1,0,0.961264151809677,1.6374851651652,0.649513461151487
0,0,-1.45646591707643,-1.43241285794191,0.368051146750182
0,0,-0.781739711532082,-1.06857058248979,-0.826958695144766
1,1,0.32040231431661,-0.303450653575918,0.265627579869636
0,1,-0.444781978336992,-1.53486220157009,-0.686876805778133
0,1,1.370003993971,1.47770490638559,1.27778644004869
0,0,0.673253863354836,0.557848035408298,-0.405383937383056
1,0,0.0721667524147558,0.209037630823197,1.67410042440959
0,1,-1.50775731753668,-0.939332274000158,0.301639259610822
1,1,0.0261002253262418,-0.392468217943543,-0.00524651080299977
1,0,-0.316415868196993,-0.848584411939175,1.05571334185068
1,0,-0.102346513520598,0.620077214521779,-0.111398567938772
1,0,-1.18155922705569,-1.84988327456953,0.182850203015459
0,1,0.498658043829925,0.651433979870284,0.653462757292285
0,0,-1.03895644030703,-1.25746318479037,0.0918660122900722
1,0,-0.22622198144241,0.0901149827709279,-0.637143387155631
1,0,0.381425829451352,-0.363696920081311,-1.07880164243644
1,1,-0.783515789013048,-0.888782819555053,-1.83919957488773
0,1,0.582991405680064,1.76528757702965,-0.260381562611113
0,0,-1.31651040165169,-0.255280145844205,0.256390072007041
0,0,-2.80977467896054,-3.40178242679685,-1.07095962980956
1,1,0.464967990785852,0.380110727351765,-1.00843323126099
1,1,0.840539826961,0.14287354717082,2.30931046956609
0,0,-0.285845423591384,-1.08080820437697,0.583920681332746
1,1,0.504126254591608,0.47030446509992,2.00819319240865
0,0,-1.15591652508367,-0.589577502234713,0.810387973033507
1,0,-0.127148606825662,-0.339094422149864,-0.621363089983337
0,0,-1.94151837604062,0.41325182824559,-0.975403296484132
0,0,1.18118089143852,-1.09024351859013,-1.01996779447564
1,1,1.85991086154316,1.78652202674869,1.26433991299284
0,0,1.07401226028199,0.413188739799135,1.87107588852758
1,0,-0.0273469664137418,0.508802548615261,-0.886290699429071
0,0,-0.0333303422759193,-0.383196365876497,-1.15682256583479
0,0,-1.5160676231511,-1.38473222384674,0.387200924698536
0,1,0.790385343888228,-0.894072526782764,-1.20951319702003
1,1,-0.210734180691776,-0.293999251033256,1.76988034064376
1,1,-0.656742925361075,1.58895088586903,0.348759869374233
0,0,-1.41202579265831,-0.0554537090914896,-2.05951335597012
1,1,-0.299762496646272,1.1606002266737,0.24864229896889
0,0,-0.849061135016708,0.222535573641208,-0.154381235429728
0,1,-0.397030520327837,0.677191854172782,-2.47382559071132
0,0,-1.2175999877636,-0.00825886105887264,-0.405210012349197
0,0,1.6875894829457,1.3928676351795,-0.0539342230388744
0,0,-0.0160025272079689,-0.475624535522388,-0.851228142852903
0,0,1.07494507727239,0.218619256504651,0.550204855579474
0,0,-2.60169967025765,-2.84169179925482,0.0311877143862822
0,1,-0.453197829994837,-0.276572869100897,1.51150207819777
0,1,-0.675482291592071,0.314195165730128,-2.71389692911788
0,0,-1.22292617936591,0.0917823376013109,0.342482142405858
0,1,1.54660915422409,1.00407165609879,-0.444502312348501
1,0,-1.41528191976949,-1.28727124563922,0.67848409860656
0,0,0.318390260408025,2.82344811089964,0.425448087369263
1,0,0.846436285579692,1.09721019634815,1.63233217647092
1,1,0.178190188418023,1.24337435695412,-1.36100707938005
0,1,-0.875255477495516,-0.795297799031169,0.209271541807228
0,0,0.941165806724167,0.534333382390825,0.563913805232762
1,1,0.170588081840838,0.461238527269884,1.0507732986196
1,0,-1.06349790638204,0.703119105729409,-0.53957007443463
1,0,-1.38804904760206,-1.08200906492614,0.674907802132176
0,1,2.08671743449315,1.93492299412234,0.201549608134697
0,0,-0.678503145418437,-2.08295359470725,-0.613017329913608
0,0,-1.85557165391804,-1.51914653961613,-0.532461185612161
1,0,0.533259362753652,-0.71365164375846,-0.860023754609605
0,1,0.310230256060895,1.07682832752222,-0.342472509628816
0,0,-1.3538343357226,-0.943863072057765,0.652725864995489
0,0,-1.94295641358195,-1.47807311375456,0.99285723098841
1,1,-0.116302517158606,1.0254983666637,1.02804046411219
1,1,1.13939629170942,1.57665606161767,-0.0634766584164398
1,1,0.636124035182149,-0.336742541664709,0.494647658233669
1,0,-0.492937424161977,0.0465307355905309,-0.0539280901864097
1,1,-0.834188231584378,-1.48326859376043,-1.45129213156968
0,1,0.271066756750545,-0.217851965318616,0.326871810398902
1,0,0.157353347216158,1.38767411804726,-0.739119714567714
1,0,0.629711746692728,1.53792940907999,-0.822857496418086
0,0,-0.395797950288896,0.649736234200132,0.573348715352358
0,0,0.899354053203099,0.0828893228576005,-0.405517763082884
0,0,-0.830811527336248,-2.00363209262219,-0.386657208227126
1,0,-0.330544700119963,-1.1388853672913,-1.0280288698535
0,1,0.740814523725905,1.20653393393756,0.275611938039845
0,0,0.989971608627113,0.361528656244197,0.766660160320897
0,0,-1.93850470145338,-2.89318933732641,-0.102153791523187
1,1,0.107190407016153,-0.0798357459634779,-0.993573614010557
1,0,0.60877901173463,1.49345878394044,1.38272952285952
0,0,-1.45082431349063,-0.355719675678751,0.988956949632465
1,0,0.480625599875217,-0.368631474898407,0.499921554332888
0,0,-0.828174270396797,-1.7336378838901,-0.0982263669707439
1,1,1.02025301216443,-0.0490859732107732,0.379856331078708
1,1,0.538482032102641,0.350711356318803,0.407227783628726
1,0,0.769052294995609,1.17189033772701,0.589800906119257
1,1,0.120719329287034,-1.47952052625998,0.166737212580503
1,1,0.863648434157753,1.33675046471395,0.882802083777621
0,1,1.38051452831454,0.83267489825914,0.0938515833178049
1,1,1.96624801545563,1.63557198495804,1.66720080385633
1,0,-0.028395054749065,-1.33964148343734,-0.0444656277923333
0,0,-2.2490510903324,-1.88275415829719,-2.34954067516674
0,0,0.0315260045939917,-0.339671748656024,-0.0856693681564091
1,0,0.205561208449975,0.958449803717207,0.488098696156671
1,1,-0.155345347144399,0.729332029629694,1.12677182755721
1,1,0.568288620777075,0.689045539864914,0.227923678238947
1,1,1.01067796451426,1.88977652400767,-1.54750467558137
0,0,-0.517982430167822,-0.723118417896986,-0.150785518122074
1,1,-0.29409532715611,0.633572558725473,-1.23220386131817
1,0,0.397842208800339,0.209953301447628,-0.811792832798065
1,0,-0.550223741489138,-0.86400792183461,-1.14345297265344
1,1,0.0912673834882354,0.793464460757611,-0.735033679073965
0,0,-1.9617075988853,-0.0721442946515816,0.496239736888038
0,0,-1.11989972139762,0.0306605001093051,-1.12919793080525
0,0,-1.32775547560413,-1.20417604970029,-0.817165834637839
0,1,-0.853623696727242,-0.888004325360424,-0.0803968243278206
1,1,-0.693304527930666,0.686157960686403,0.641376670603732
0,0,0.38230514254637,0.51164421066202,-0.521304502127697
1,1,0.982113002522641,1.25292698497048,-0.493533432134974
1,0,-0.727383529087535,-0.707391704383966,-0.712942926617205
0,1,-0.996838982378005,0.410724559744918,-1.41680009494539
0,1,-1.04168885898951,-1.27201743136346,0.565149220973337
1,1,-0.414588726363674,0.2515279808751,-2.20583201787666
1,0,-0.239029068152564,-0.797157413346028,-0.575094879311752
0,0,0.483617533838269,-1.67988949296565,-1.22967470165475
0,0,-0.32132484216839,-1.26716091384477,-1.96305116702534
1,0,-2.07848926886002,-1.13805740194788,-0.596208603022166
1,0,-0.0914342755501383,0.651477634370579,1.43995301568828
0,0,1.18718681065156,-0.688729580084918,1.91550355785712
1,1,1.19160126851033,-0.286178814029426,-0.179373906219395
1,0,-0.78896321811123,0.938258866393651,-0.901542337440244
0,0,-1.54777654363757,-1.27578540604115,-0.977768133206552
1,1,2.45806049186527,1.87939640066365,1.41482013498547
0,1,-0.162421942479419,-0.519001422589508,-2.4924297378812
1,0,-0.0974512501056172,-0.297337058184574,0.207055817729313
1,1,0.420574188698147,0.322139878503078,-0.260688610591226
0,0,-1.61403945661912,-0.959654199732267,-1.1938839325752
0,0,-0.728219111191288,-0.590979635548424,-2.13218227398144
0,0,-1.54044240529001,-1.300102631289,-0.658478610197383
1,1,-0.693094614010595,-2.85414548024534,-1.78102828481093
0,0,0.118849433004561,1.5662340600697,0.0210520495728789
1,1,-1.36470945798691,0.613513691802283,-1.26309462898991
1,0,0.589982679367313,-0.526875785754998,0.221181004507718
1,0,0.289344028817336,0.0391203996024271,0.526573071982521
0,0,-0.904215025620639,0.557691228397611,-0.751800664989755
0,0,0.226324942381064,0.9344269838704,-0.907408484138293
1,1,0.748081162493843,1.47012999249292,-0.359140544686043
0,0,1.06109525326174,-0.220740382570792,-0.318324249508769
1,1,-0.212848278646528,1.93410550977046,-1.48834883545836
1,1,-0.0936367939110456,-0.96295004416289,-0.772753353758513
0,1,-0.0867141349819251,0.551104592517475,-0.210510980390147
0,0,1.44146175605504,0.977897837989578,0.221776975620213
0,0,1.12507189227799,0.352074880997171,0.651884351865032
1,0,0.834401567757039,0.197108302109408,1.48269136597352
0,1,-0.287340799840693,-0.965521929929218,0.23209963752919
1,1,0.373241434166406,1.52207269710529,1.51978347839689
1,0,0.403290331220696,0.313584780942619,-0.497094877996384
1,0,-1.04167329428932,-0.417629617202091,0.975953556128012
1,0,-1.72830451532074,-0.869276442743618,0.0475846650410072
0,1,0.641830027651616,0.0849614141422764,-0.944268814006146
0,0,-1.52931053118042,-1.82480331451229,-0.0751464648709272
1,1,0.00168368848420991,0.203991260837695,-1.18017861338706
1,0,0.250247821348331,-1.52476286715814,0.978674820731485
0,0,0.563867390305883,-0.796533120084961,-0.345724789463723
0,0,0.189426237514811,-0.747461613441818,-0.168406892013675
0,1,-0.732853806297125,-1.30265537391616,-0.86809263748532
1,0,0.986365859895462,0.677570569190941,-0.517016521714215
1,0,1.73863376690625,2.32197029880354,2.14532792496312
0,1,0.881178808925443,-0.683552029896708,1.21047485721722
1,0,-1.94365090132398,-0.819249724317096,0.0610169530886499
1,0,1.39957618540294,1.5593815138986,0.490101820521447
1,1,-0.056055946186268,-0.825259329542861,0.685600907173965
1,1,0.52491427931929,0.272709046373591,0.788708041774379
1,0,0.62203323587106,1.03210866362028,1.71627112983679
1,0,-0.0966860732067051,-0.262418925961934,0.781880445238601
1,0,-0.0752631976487263,-0.221705396390206,-0.219270735455652
1,0,1.0191570693309,0.857675674567034,0.100752318115788
1,1,0.711601922486244,0.37895055082513,-0.233032191482114
1,1,0.990262246044231,0.149635035675164,-0.0499057984159364
1,1,2.38292669523033,1.31886400156948,0.489095920338518
1,0,0.664415863694087,1.90492135212563,1.36587864480815
0,0,0.207381157385307,0.823363638116007,-2.15889918141188
0,0,-2.21063311057562,-2.05805752460747,-1.33270818224426
1,1,2.69171400324612,0.619094304082614,0.680754073657497
0,1,-0.482676821796308,-0.577591885623871,-1.3689535434268
1,1,2.37473471509539,2.48786058981562,2.25694395754638
1,1,0.374643568004988,0.458929435536555,-0.110779385038607
1,1,1.53843019889679,0.361853929865547,-0.603942930468963
1,1,-0.109710321176239,0.639961461548673,-0.883458440115386
0,1,0.511470754698125,0.200186141840562,0.985653171057515
1,0,0.213957979642262,-0.768168011647777,1.84710867161396
1,1,-0.186120699373496,0.257281543745333,-0.174380807099977
1,1,-0.120393824622494,1.14707795336955,0.0659808276504198
1,1,1.01283433584425,0.955275240012815,-0.600994476951664
1,0,-0.2014581469715,0.0327254087282432,1.19556155981139
1,0,-2.0376824944408,-1.74760399939813,0.0780660228846585
0,1,-0.195889248829828,0.337185275397725,-2.28073296290492
0,0,0.539790605536274,-0.532582064590544,-0.453575437824511
1,1,0.61645571635144,-0.952645789773849,-0.0383971406844624
1,0,0.616567817477434,0.335258475691457,-0.872147562563053
0,1,-1.69210152086908,-1.04293571716068,-0.768269708142449
1,1,0.368742058011194,2.11328966040897,-0.970611332148529
1,0,0.967859209947064,-0.392362320345281,0.633115705428618
1,0,1.27657868146766,0.902672267559829,0.703158302441585
1,0,-0.224961271044116,0.509065712271285,0.706141384882184
1,0,-0.321892586182801,0.647338723583027,0.300706057882817
0,1,1.48783783187804,0.884123111399365,1.96703922275521
1,0,-1.66792804577932,-1.59536174061099,-0.868730472030842
1,1,-0.436829976913125,-0.314725227643865,-2.18516948781467
1,1,0.457462079357455,1.8262820411642,0.161715953041651
1,0,-1.61777376538123,-0.584473052688069,0.134584158650979
1,1,0.279627862431757,-1.4678049405874,-0.298866008649766
1,0,1.87786402105219,2.26548571555152,1.89971019467258
1,1,-0.00406065343634058,0.429965736670261,1.04312456305117
0,0,-0.278454024963586,-0.193929832448172,0.429199720850788
1,1,0.474911714034054,0.270656131532354,0.209034390920789
0,0,-0.279072170787307,-0.287275078307107,-0.609819724846011
1,1,0.813400374079065,0.693287809211639,0.075226897265788
0,1,0.904435464449695,0.139567732240204,0.718897780663678
0,0,0.00269166123012091,0.223223998066079,0.924026793683923
1,0,-1.17669215774973,-1.45110011450643,-0.635483026574235
1,0,-1.31822072745909,-0.630814936255647,-1.09017555000766
0,0,-0.592997365655317,0.529671517139966,2.18367826919506
1,0,0.797380500549836,0.885793191252942,0.733886163137375
0,0,-1.95820517465693,-0.347923363633265,-1.44944407249448
1,1,-1.88632515873255,-2.00449010468162,0.322199869924219
1,0,-0.653779824760103,-0.348433667277984,-0.137288778885145
1,0,0.394394847980585,0.730437150966001,0.907025129869019
1,0,-0.913566048164992,-1.40254352308562,-0.224658670887789
1,1,0.886749037096059,1.7847008919044,0.210286948644413
0,0,0.333369970155182,-0.6278244266951,0.186448968147904
0,0,-0.17063961823861,0.0292311958615059,0.342575898428975
0,0,0.81882813653178,0.612762746203132,-0.336336254585356
1,0,0.388365162819368,0.330355339265104,-0.508667127678978
1,1,-0.445935027212156,-0.435900683242068,-0.310048636506686
0,0,0.23111493441816,0.49861839036786,0.232745631222913
0,1,0.647513357977592,-0.436423578731415,-0.108503834894952
1,1,0.356283344862047,-0.81772134366135,0.409269003831205
1,0,-0.658010207949479,-0.918461035260284,-1.24839166205516
1,1,0.855202205064192,0.467262039960291,-1.10848670226988
0,0,1.15293622555862,1.69715999162081,2.15074397951472
0,0,0.276274556543337,1.43572804581764,0.462432942457834
1,1,0.144104662462187,0.342047967513109,-0.335509301771829
1,0,-0.075625080779838,0.259898249686616,-0.289750290653255
1,1,2.16141584630279,1.10193360087012,1.39738009841218
1,0,0.276315532135793,0.204231786523903,-0.117738609926576
1,1,-0.158294028699944,-1.2186131061014,0.135777786610785
1,0,-2.50791780219725,-1.27280369820174,-1.00490749301413
0,0,-1.56528176503053,-1.36761192485332,-0.947881114914949
1,1,-0.0776732006105648,0.2211390981141,0.551150509627763
1,0,0.206294044843098,-0.153008644417743,0.196865419450313
0,1,0.276872458861614,-0.363169112552189,1.32491187358263
1,0,0.821506780448618,0.317614966827534,-0.827108145552799
1,0,-0.194152409320457,-0.410015374099239,-0.187320761668695
1,1,1.21458879448256,1.60441584296343,0.165013887402653
1,1,-0.921516042869578,-0.385543159772045,-1.30180812930764
0,0,-1.20844272044307,-0.379072491343267,0.589363740320823
0,1,-1.22898617755381,-1.73007457517291,-0.471148684130313
1,0,0.742297024186518,1.64283558221433,-1.09904897565311
0,0,-0.082919942339226,0.077744387525074,-0.589742139924739
0,1,0.789817921820499,-0.211134369630303,-0.817475637595935
0,0,-0.267706421557085,0.0866134634232061,0.910915339457794
1,1,-0.591892102212813,0.341211962548214,2.24820861619479
1,0,-0.368352575126506,-1.32795325571715,-0.753189703026903
0,0,-1.85261682424173,0.240515481479412,-0.643766867547826
1,1,-1.16961526041411,-0.828193720391159,-0.0840343629046623
1,0,-1.44203464635845,0.0317158367038458,2.15157219093073
1,1,1.05432227197535,0.690402418456341,-1.90543102264353
1,1,-0.5973300913628,-0.624336330471059,-0.669481551482643
0,1,0.78945985279018,-0.994260125627384,-0.910555114341269
0,1,1.51649060169196,0.0297565861454216,0.237806954623258
0,1,-0.191774809109942,-0.14813712539991,-0.320723522028539
1,0,0.283878906352351,0.832609379905125,-0.611029557700771
0,0,-1.75106751939608,-2.5559834349613,1.22435278462991
0,0,-0.818669777519803,0.609151023347513,-0.000376230904198332
0,1,0.0562148493828386,1.15292128107208,2.300199375191
0,0,0.299086903336152,-0.735200862727061,0.8754062576893
1,1,-0.759398117298882,-0.0777984206248409,-1.43485029734807
1,1,2.6848589992268,0.78400402885271,0.0866728917912123
1,1,-0.458390139092389,-0.37519406640606,0.122945009804735
0,1,0.0642435566300379,0.781476325055369,-0.532007387369353
1,0,0.649791867153518,1.08454683845113,0.532908383215009
1,0,-0.0260186347739953,-0.69495086377118,0.691024170617326
0,1,-0.643567387027114,-0.695449595796721,0.208654832179274
1,1,1.04530566396331,-0.153747458419749,0.185179239659579
1,1,1.6155453232072,1.24096212184825,-0.129233419687418
1,0,-0.0296939710498354,-1.26507651417692,-1.23884173990656
1,1,0.562267345403066,-1.76609994599925,0.493873210956906
1,0,-0.0974124985026302,1.11740232639671,0.850628406831749
1,0,1.01645521770216,2.42865146101708,0.228936792200974
0,0,-1.15616739425985,-1.05772726874697,0.372055203535748
1,1,2.32086022399448,2.0013981240726,2.82118595463177
0,0,-0.603531247788338,-0.368120975640779,1.66368855505733
0,0,-1.45884941443809,0.304141391109938,-0.909764559624127
1,0,-0.35091782719307,0.232764449739663,0.416254509227676
0,0,0.146708484145002,0.250956262579922,-0.625853709754531
1,1,1.62362120768023,-0.46513643680456,1.14512642902746
0,1,0.91120967677132,1.413090350701,0.217688015794397
0,0,0.142458432045787,-0.195207832810012,0.307539202157896
0,0,-1.38948352398816,-1.95648218216492,-1.23629277247145
0,1,-0.866037744672114,-0.681059978733932,0.890045923033379
1,1,-0.163284932229294,-0.199393487171419,-0.129288049665038
1,0,2.55302611346059,2.37918116620928,0.340527305450647
0,0,-1.86022757421841,-2.05005337034225,-0.631160403269526
1,1,1.13105465184602,0.232517889252857,0.41219580515662
1,1,-0.527234257233921,0.874155388366175,1.40329847097319
0,1,1.66599089998742,2.08652715500848,-0.559765884429517
0,0,-1.1392006399734,0.247051251137847,2.00396791295746
1,0,0.143623234662747,1.41539309707595,-0.694606029989534
0,1,-1.09955094170275,-0.496505781157734,-0.163266120868661
1,1,0.903516426361675,0.076602906321185,-1.69228680198358
1,1,1.48377948873809,1.33443094273359,-0.17918170904022
1,1,1.95072100640115,2.01741110450143,1.2832836005155
1,1,0.797600657589519,2.40946701173055,0.721241817707166
0,1,1.84326625457782,-0.466026113422258,0.944640813715954
1,1,1.24642390866165,0.966442907650442,-0.0713385483026153
0,0,-0.131874911824015,0.444710719201307,-1.79821851957268
0,0,0.4770372382847,0.242543418682514,-0.880298296512083
0,0,-0.971994211475933,-1.82945432567365,-0.51084093229864
1,1,-0.185202169400994,0.482079412028399,0.537443419461417
1,1,1.22096370834882,0.109309631998157,1.16516118625177
0,1,0.54128414348235,0.72945968515382,-0.126551540683912
1,1,0.45735733162533,1.00045576378948,-0.00736470416246951
1,0,-1.03813103968721,0.404286984567352,-0.466789763251993
1,0,-0.604513230334117,-1.60899897610893,-0.126172847586912
0,0,-0.764606013753569,0.406629870291152,1.23696096049213
0,1,0.395295870013499,-0.368407563548716,-0.574650807702188
1,1,-0.990507630466559,-1.6255201573591,-0.492483474309701
1,0,0.562041390099052,1.38868136679498,0.243712513573304
1,1,-1.11641641193354,0.247158131451856,-1.61154922100855
1,1,1.82853045813536,0.903051660717216,-0.330046755670551
1,1,0.460591349478104,0.883987374677538,0.329215128173803
0,1,-0.70100361225327,-1.10886276049041,0.197096898989283
1,1,0.241045932501223,0.023802296259099,1.1598905236299
1,0,-0.352453199227956,-0.286450506545471,-0.549991127948451
1,1,0.371147959759657,-0.00190326774740912,1.4982771854878
0,1,0.2435327187603,0.733398620453974,-0.751674251901763
1,0,-1.01411417266147,0.621393524799872,-1.82699125789421
1,0,-0.79131387881947,-0.839405177514804,-2.09377267584235
1,1,0.299593684739564,0.153629448959155,1.14307494302285
0,1,1.63905190875156,2.29283702458334,0.782545031018493
0,1,1.08461700867092,0.387536628781323,0.200970549056491
1,1,-0.624567473618094,-2.45797102065654,-0.467459562016879
1,1,0.825922901647494,0.906740770146842,1.76096813286825
0,0,-0.0485683527562885,-0.738315420542779,1.13124927710095
1,1,0.301313651718405,-0.618042533772098,-0.867112563016367
1,1,0.260361490736558,1.29287034530982,-1.24883718252415
1,1,2.57544976372339,3.50366826384622,1.80794121507235
0,0,-1.18528881058722,-1.54299931947517,0.179202935360928
0,1,0.100919859012857,0.885372060741122,-0.457168835151869
0,0,-1.77997728796762,-1.14330464347628,-0.155802114953214
1,1,0.589835922958758,0.467347521151613,-1.7530886866595
1,1,1.0966084717214,1.63575444419797,-0.305521984003001
0,1,1.44566224110115,1.03833695941354,0.848669098580528
0,0,-1.92514525183712,-1.83617943419088,-0.647096846255655
1,0,0.41276949719403,-0.128665401477871,-1.09901202637542
0,1,1.59336995138365,1.50493017506929,1.44651314733876
0,0,-0.414015863042303,-2.1171673833133,0.985283138326203
1,0,-0.212150532081949,0.748905186229608,-0.960386012422371
1,0,-0.0365372222047413,-1.27564241238864,-0.187885054736528
1,0,0.365018751433036,0.236556101114527,0.806466903382709
1,1,0.665159875745969,0.246808743374013,1.02348894943081
1,1,1.31782088371148,1.82514811904637,-0.109046812142453
0,1,-0.0954875904449924,0.0937868977783082,-0.866719870104062
1,1,0.196278045472469,0.199318135207651,0.388064371676457
0,1,2.48799787722146,2.05130737341976,-1.08136552564111
1,1,0.431098928114991,-0.402952288083351,-0.776986578432617
1,0,0.188753109329833,-0.0434672192552007,0.794581019010556
0,1,-1.34224312528345,0.136721655876145,-2.02799302791682
1,1,0.00285604762222659,0.548492525357217,-1.1446115591161
0,0,-0.221326153166881,-1.15319305730215,-0.296092157247482
0,0,-0.0110458298093738,0.50373759604308,-0.291473503386865
0,0,-0.575417641271167,-1.44732228444568,-1.84587734777914
0,0,-0.686815652442701,-0.890738034441356,0.279871749919302
1,0,-0.720773631820122,0.536272127993531,-1.190639332026
0,0,-0.214504515399774,-1.92953884959655,-0.215129971143169
1,1,1.36813264802863,-0.602331763887487,0.222921860241331
1,0,1.04908662655933,1.67055011419674,0.979267452680393
1,1,-0.359975117943056,-0.867819298007958,-0.170934836370443
1,0,-1.68591645453874,-0.0165842578601145,-0.633934746407505
1,1,-0.844583428535954,-0.641350217726457,1.32514713071869
0,0,-0.457760533240508,0.0675642227460342,0.217436946793355
1,1,0.103638004228304,0.712805914240373,0.625911092221926
1,1,-0.662607275700815,-0.918533860908524,0.254242234122635
1,1,2.00668069083189,0.96033567598185,1.1473088864938
0,1,-0.272267534418351,-0.495438256367519,1.19253111834421
1,0,-1.21394447023951,1.5245007386742,-0.41865723878191
0,1,-0.141261757282513,0.0161606009085555,0.1892798331344
1,0,-1.00537758159341,-0.22498621046718,1.57729793726238
0,0,0.156155707275326,-0.178909408387564,-0.458777613250704
1,1,0.233633614089869,-0.0532523456697661,1.30163415918786
0,0,0.355587611628384,1.31635630206288,-0.472439406070355
0,0,-1.62185825912421,-1.24422189110444,1.14481179844915
0,0,0.220711290970649,0.148535816790998,-0.569346106103816
1,1,0.310450080541646,0.487839779637841,-0.683726615143357
0,1,-1.42110844750449,-1.19804406453299,0.562332557662462
1,1,0.955365639730411,2.14047070877987,1.20709570756191
0,1,0.784170879094338,-0.672265162320336,0.761549859428045
0,0,2.29961936115445,2.98880600056917,0.950491055861473
0,0,0.156702987375728,-0.187251718677907,0.27773044386755
1,1,0.0467335275180007,1.11373583399039,1.97413684528432
0,0,0.0965858340824363,-1.54139042835651,-1.33757506214584
1,1,0.0697662309003006,0.806724235682943,-0.919975009348237
1,0,-1.84847277533767,-0.407938653221108,-1.77476373994671
0,1,-1.67112705864224,-2.01964981243342,0.415164207653882
0,1,-0.0775389667912034,-0.661182482866425,-0.257589161664263
0,0,-0.581067380566498,-0.193820551963722,-0.29834037676559
1,1,0.0547365250574253,0.947910258072063,1.71758723968506
1,0,-2.11120837326053,-1.87952446717926,-1.18571854394673
0,0,-1.49869825452676,-1.07851975195869,1.4800135901825
1,1,-1.10148343893874,0.596187484618623,-1.67496587589328
1,1,0.986058221060247,-0.310242860045045,1.55295251862836
0,0,-1.09849000709012,0.0991411803194169,-0.0213092109697612
0,1,-0.799513953576531,-0.120693820758001,-0.61055545578398
1,1,0.0798738186740527,-0.836727331640629,-0.140913751990227
0,1,-0.322746361825109,-0.72794209083409,1.18047651675101
0,0,0.146417178667962,0.714472315442535,1.6692523668651
0,1,2.30506198204569,1.58220473539712,-0.909637658204052
0,0,-1.12460367125824,0.465316419219039,2.92613515729047
1,0,-0.305469639909805,-0.664708953619152,2.36755966504287
1,0,-0.516759449743733,-1.68164582694982,-0.656152926361386
1,0,1.51239542683245,1.74569879728208,0.392302204810932
1,0,-0.769484922890278,-0.948588248481469,-0.863829311310063
0,0,-0.0820869037757183,0.0470202791926136,-0.113343455313346
0,0,0.787133614322708,1.84751361967507,0.941921005977834
1,1,-1.0585905359484,-0.835485563417996,-0.218975319653452
0,1,1.65517581574201,2.23274975136279,0.679715747256112
1,0,0.675762415474246,-0.472254270661409,1.61342126820778
1,1,-1.07420660953035,0.0958850231747767,-2.4246185193445
1,0,0.454577809057738,0.470186054931441,-0.332433445463082
1,0,-0.213307143233068,-0.717401517421001,0.0737731534494145
1,0,0.313228771994335,-0.836069887915123,-0.653061764993632
1,0,-0.0899751970156634,0.00732981266620829,0.985104728885058
1,1,1.07051603677834,0.846441432030272,-0.103830485439126
0,0,-1.35110038570333,-0.588702777794258,-0.814741888864994
1,0,-0.522616697195916,0.115914799467689,0.977459958313997
0,0,-0.249190677755399,-0.517902859434608,0.721108618476562
